Date,Open,High,Low,Close,Volume
1/4/2010,213.43,214.5,212.38,214.01,17633200
1/5/2010,214.6,215.59,213.25,214.38,21496600
1/6/2010,214.38,215.23,210.75,210.97,19720000
1/7/2010,211.75,212,209.05,210.58,17040400
1/8/2010,210.3,212,209.06,211.98,15986100
1/11/2010,212.8,213,208.45,210.11,16508200
1/12/2010,209.19,209.77,206.42,207.72,21230700
1/13/2010,207.87,210.93,204.1,210.65,21639000
1/14/2010,210.11,210.46,209.02,209.43,15460500
1/15/2010,210.93,211.6,205.87,205.93,21216700
1/19/2010,208.33,215.19,207.24,215.04,26071700
1/20/2010,214.91,215.55,209.5,211.725,21862600
1/21/2010,212.08,213.3138,207.21,208.072,21719800
1/22/2010,206.78,207.5,197.16,197.75,31491700
1/25/2010,202.51,204.7,200.19,203.075,38060700
1/26/2010,205.95,213.71,202.58,205.94,66682500
1/27/2010,206.85,210.58,199.531,207.884,61520300
1/28/2010,204.93,205.5,198.7,199.29,41910800
1/29/2010,201.08,202.2,190.25,192.063,44498300
2/1/2010,192.37,196,191.3,194.73,26781300
2/2/2010,195.91,196.32,193.38,195.86,24940800
2/3/2010,195.17,200.2,194.42,199.23,21976000
2/4/2010,196.73,198.37,191.57,192.05,27059000
2/5/2010,192.625,196,190.85,195.46,30368100
2/8/2010,195.69,197.88,194,194.12,17081100
2/9/2010,196.42,197.5,194.75,196.19,22603100
2/10/2010,195.89,196.6,194.26,195.116,13227200
2/11/2010,194.88,199.75,194.06,198.67,19655200
2/12/2010,198.11,201.64,195.5,200.38,23409600
2/16/2010,201.94,203.69,201.52,203.4,19419200
2/17/2010,204.19,204.31,200.86,202.55,15585600
2/18/2010,201.63,203.89,200.92,202.928,15100900
2/19/2010,201.86,203.2,201.11,201.67,14838200
2/22/2010,202.34,202.5,199.19,200.416,13948700
2/23/2010,200,201.33,195.71,197.059,20539100
2/24/2010,198.23,201.44,197.84,200.656,16448800
2/25/2010,197.38,202.86,196.89,202,23754500
2/26/2010,202.38,205.17,202,204.62,18123600
3/1/2010,205.75,209.5,205.45,208.99,19646200
3/2/2010,209.93,210.83,207.74,208.85,20233800
3/3/2010,208.94,209.87,207.94,209.33,13287600
3/4/2010,209.28,210.92,208.63,210.71,13072900
3/5/2010,214.94,219.7,214.63,218.95,32129300
3/8/2010,220.01,220.09,218.25,219.08,15353200
3/9/2010,218.31,225,217.89,223.02,32866400
3/10/2010,223.8295,225.48,223.2,224.84,21293500
3/11/2010,223.91,225.5,223.32,225.5,14489300
3/12/2010,227.37,227.73,225.75,226.6,14868700
3/15/2010,225.38,225.5,220.25,223.84,17625100
3/16/2010,224.18,224.98,222.51,224.45,15961000
3/17/2010,224.9,226.45,223.27,224.12,16105600
3/18/2010,224.1,225,222.61,224.65,12218200
3/19/2010,224.79,225.24,221.23,222.2499,19980200
3/22/2010,220.47,226,220.15,224.75,16300700
3/23/2010,225.64,228.78,224.1,228.36,21515400
3/24/2010,227.64,230.2,227.51,229.37,21349300
3/25/2010,230.458,230.97,226.25,226.65,19367300
3/26/2010,228.95,231.95,228.55,230.9,22888400
3/29/2010,233,233.8699,231.62,232.39,19312300
3/30/2010,236.6027,237.48,234.25,235.845,18832500
3/31/2010,235.49,236.61,234.46,235,15380700
4/1/2010,237.49,238.73,232.75,235.97,21540900
4/5/2010,234.975,238.51,234.77,238.49,24446700
4/6/2010,238.2,240.24,237,239.54,15964900
4/7/2010,239.72,241.92,238.6601,240.6,22446500
4/8/2010,240.44,241.54,238.04,239.95,20463900
4/9/2010,241.43,241.89,240.46,241.79,11935100
4/12/2010,242.2,243.07,241.81,242.29,11893800
4/13/2010,241.86,242.8,241.11,242.43,10936100
4/14/2010,245.28,245.81,244.07,245.69,14431300
4/15/2010,245.78,249.03,245.51,248.92,13456600
4/16/2010,248.57,251.14,244.55,247.4,26805200
4/19/2010,247.03,247.89,241.77,247.07,20247300
4/20/2010,248.54,249.25,242.955,244.59,26368800
4/21/2010,258.805,260.25,255.73,259.22,35085400
4/22/2010,258.24,266.75,256.2,266.4695,28336600
4/23/2010,267.99,272.18,267,270.83,28462700
4/26/2010,271.88,272.46,268.19,269.5,17109600
4/27/2010,267.27,267.84,260.52,262.04,25333700
4/28/2010,263.25,264,256.41,261.6,27085800
4/29/2010,263.02,270,262.01,268.64,19958600
4/30/2010,269.31,270.57,261,261.09,19373700
5/3/2010,263.84,267.88,262.88,266.35,16226500
5/4/2010,262.89,263.29,256.75,258.68,25850700
5/5/2010,253.03,258.14,248.73,255.985,31539400
5/6/2010,253.83,258.25,199.25,246.25,45923600
5/7/2010,243.71,246.57,225.21,235.86,59857800
5/10/2010,250.25,254.65,248.53,253.99,35153800
5/11/2010,251.84,259.89,250.5,256.52,30318100
5/12/2010,259.245,263.13,258.7,262.09,23370700
5/13/2010,263.22,265,256.4,258.36,21418300
5/14/2010,255.165,256.48,249.5,253.82,27120100
5/17/2010,254.7,256.18,247.71,254.22,27244100
5/18/2010,256.98,258.55,250.26,252.36,27952800
5/19/2010,249.5,252.92,244.85,248.34,36633100
5/20/2010,241.88,243.85,236.21,237.76,45818400
5/21/2010,232.82,244.5,231.35,242.32,43710400
5/24/2010,247.28,250.9,246.26,246.76,26937100
5/25/2010,239.35,246.76,237.16,245.22,37428800
5/26/2010,250.08,252.13,243.75,244.109,30380500
5/27/2010,250.6,253.89,249.11,253.35,23795800
5/28/2010,259.3881,259.4,253.35,256.88,29129100
6/1/2010,259.69,265.94,258.96,260.83,31302600
6/2/2010,264.54,264.8,260.335,263.95,24591000
6/3/2010,265.18,265.55,260.41,263.12,23218100
6/4/2010,258.21,261.9,254.63,255.965,27082300
6/7/2010,258.29,259.15,250.55,250.94,31676500
6/8/2010,253.24,253.8,245.65,249.33,35741800
6/9/2010,251.47,251.9,242.49,243.2,30522500
6/10/2010,244.84,250.98,242.2,250.51,27727000
6/11/2010,248.225,253.86,247.37,253.51,19491400
6/14/2010,255.96,259.15,254.01,254.28,21534300
6/15/2010,255.64,259.85,255.5,259.69,20895500
6/16/2010,261.1,267.75,260.6302,267.25,27988500
6/17/2010,270.6,272.9,269.5,271.87,31173400
6/18/2010,272.25,275,271.42,274.074,28022200
6/21/2010,277.69,279.01,268.73,270.17,27731800
6/22/2010,272.16,275.97,271.5,273.85,25616500
6/23/2010,274.58,274.66,267.9,270.97,27444900
6/24/2010,271,273.195,268.1,269,25509900
6/25/2010,270.06,270.27,265.81,266.7,19640800
6/28/2010,266.93,269.75,264.52,268.3,20891000
6/29/2010,264.1205,264.39,254.3,256.17,40476600
6/30/2010,256.71,257.97,250.01,251.53,26409000
7/1/2010,254.3,254.8,243.22,248.48,36532000
7/2/2010,250.49,250.93,243.2,246.94,24780100
7/6/2010,251,252.8,246.16,248.63,21972700
7/7/2010,250.49,258.77,249.75,258.665,23377000
7/8/2010,262.48,262.9,254.89,258.09,26362300
7/9/2010,256.89,259.9,255.16,259.62,15475800
7/12/2010,258.53,261.85,254.86,257.285,20102800
7/13/2010,256.32,256.4,246.43,251.798,42533000
7/14/2010,249.38,255.8,249,252.727,29001700
7/15/2010,248.23,256.97,247.3,251.45,29459500
7/16/2010,253.18,254.97,248.41,249.9,37137800
7/19/2010,249.88,249.88,239.6,245.58,36588500
7/20/2010,242.9,252.9,240.01,251.89,38391100
7/21/2010,265.09,265.15,254,254.24,42345400
7/22/2010,257.68,260,255.31,259.024,23047100
7/23/2010,257.09,260.38,256.28,259.94,19049600
7/26/2010,260,260.0998,257.71,259.28,15019700
7/27/2010,260.87,264.8,260.3,264.08,20884700
7/28/2010,263.67,265.99,260.25,260.96,18570900
7/29/2010,260.71,262.65,256.1,258.11,22993100
7/30/2010,255.8925,259.7,254.9,257.25,16007500
8/2/2010,260.44,262.59,259.62,261.85,15287700
8/3/2010,261.01,263.26,259.42,261.93,14916200
8/4/2010,262.84,264.28,260.311,262.98,15013400
8/5/2010,261.73,263.18,260.55,261.7,10324900
8/6/2010,259.78,261.49,257.63,260.091,15889200
8/9/2010,261.48,262.15,259.57,261.75,10826000
8/10/2010,259.85,260.45,257.55,259.41,16140000
8/11/2010,255.4,255.69,249.81,250.19,22144800
8/12/2010,246.69,253.1,246.12,251.79,19104300
8/13/2010,251.65,251.88,249.09,249.1,12673900
8/16/2010,247.58,250.01,246.62,247.64,11372500
8/17/2010,250.08,254.63,249.2,251.97,15094300
8/18/2010,252.36,254.67,251.58,253.07,12132000
8/19/2010,252.84,253.48,248.68,249.88,15239500
8/20/2010,249.39,253.92,249,249.64,13722500
8/23/2010,251.79,252,245.25,245.8,14787200
8/24/2010,242.67,243,238.65,239.93,21520200
8/25/2010,238.04,243.99,237.2,242.89,21316700
8/26/2010,245.45,245.75,240.2778,240.28,16660900
8/27/2010,241.75,242.61,235.56,241.62,19585400
8/30/2010,240.76,245.75,240.6801,242.5,13688900
8/31/2010,241.85,244.56,240.35,243.1,15028100
9/1/2010,247.47,251.46,246.28,250.33,24894200
9/2/2010,251.2623,252.17,248.57,252.17,14836700
9/3/2010,255.09,258.78,254.5,258.77,18599600
9/7/2010,256.64,259.53,256.25,257.81,12234200
9/8/2010,259.78,264.3899,259.1,262.92,18805400
9/9/2010,265.04,266.52,262.92,263.07,15663400
9/10/2010,263.19,264.5,261.4,263.41,13840800
9/13/2010,265.82,268.28,265.76,267.04,13885000
9/14/2010,266.21,269.17,265.52,268.06,14576800
9/15/2010,268.17,270.38,267.84,270.22,15334600
9/16/2010,270.24,276.67,269.5,276.57,23289400
9/17/2010,277.69,277.96,273.68,275.37,22659900
9/20/2010,276.08,283.78,275.85,283.23,23524200
9/21/2010,283.86,287.35,282.79,283.77,23859800
9/22/2010,282.71,287.98,282.41,287.75,20903200
9/23/2010,286.33,292.76,286,288.92,28075600
9/24/2010,292.1,293.53,290.55,292.32,23196000
9/27/2010,293.975,294.73,291.01,291.164,17244100
9/28/2010,291.77,291.77,275,286.86,36965800
9/29/2010,287.23,289.81,286,287.37,16773000
9/30/2010,289,290,281.25,283.75,24049700
10/1/2010,283.75,286.58,281.35,282.52,16005100
10/4/2010,281.6,282.9,277.77,278.64,15546500
10/5/2010,282,289.45,281.82,288.94,17927400
10/6/2010,289.59,291.99,285.26,289.19,23959600
10/7/2010,290.3362,290.48,286.91,289.22,14585700
10/8/2010,291.7129,294.5,290,294.07,23514400
10/11/2010,294.74,297.24,294.6,295.36,15276900
10/12/2010,295.41,299.5,292.49,298.54,19948000
10/13/2010,300.2,301.96,299.8,300.14,22503300
10/14/2010,301.69,302.47,300.4,302.31,15546300
10/15/2010,307.44,315,304.91,314.74,32935500
10/18/2010,318.47,319,314.29,318,39036100
10/19/2010,303.4,313.77,300.02,309.49,44028000
10/20/2010,309,314.25,306.87,310.53,25772300
10/21/2010,312.36,314.74,306.8,309.52,19695000
10/22/2010,309.07,310.04,306.3,307.47,13313500
10/25/2010,309.09,311.6,308.44,308.84,14016500
10/26/2010,306.87,309.74,305.65,308.05,14033200
10/27/2010,307.65,309.9,305.6,307.83,14250100
10/28/2010,307.95,308,300.9,305.24,19680400
10/29/2010,304.23,305.88,300.87,300.98,15375400
11/1/2010,302.22,305.6,302.2,304.18,15138900
11/2/2010,307,310.19,307,309.36,15497500
11/3/2010,311.37,312.88,308.53,312.8,18155300
11/4/2010,315.45,320.18,315.03,318.27,22946000
11/5/2010,317.99,319.57,316.75,317.13,12901900
11/8/2010,317.2,319.7702,316.76,318.62,10062800
11/9/2010,321.05,321.3,314.5,316.08,13698000
11/10/2010,316.64,318.77,313.55,318.03,13722400
11/11/2010,315,318.4,314.25,316.655,12903000
11/12/2010,316,316.5,303.63,308.03,28423100
11/15/2010,308.46,310.54,306.27,307.035,14414500
11/16/2010,305.72,307.6,299.32,301.59,23487500
11/17/2010,301.2,303.99,297.76,300.5,17123200
11/18/2010,305.2,309.67,304.69,308.43,17660400
11/19/2010,307.97,308.4,305.24,306.73,13744400
11/22/2010,306.68,313.36,305.87,313.36,14038400
11/23/2010,310.45,311.75,306.56,308.73,18551700
11/24/2010,312,315.4,311.75,314.795,14775900
11/26/2010,313.74,317.6999,312.94,315,8485200
11/29/2010,315.5,317.48,311.38,316.87,15920900
11/30/2010,313.54,314.36,310.87,311.15,17923500
12/1/2010,315.27,317.75,315,316.4,16491100
12/2/2010,317.53,319,314.89,318.15,16529900
12/3/2010,317.01,318.65,316.34,317.44,12217600
12/6/2010,318.64,322.33,318.42,320.15,16017200
12/7/2010,323.8,323.99,318.12,318.21,13980500
12/8/2010,319.63,321.02,317.11,321.01,11497700
12/9/2010,322.1317,322.5,319.02,319.7575,10505400
12/10/2010,319.65,321.05,318.6,320.56,9375400
12/13/2010,324.37,325.06,321,321.67,15707700
12/14/2010,321.73,322.54,319,320.29,12536000
12/15/2010,320,323,319.19,320.36,14904000
12/16/2010,321.09,322.61,320.1,321.25,11501100
12/17/2010,321.63,321.79,320.23,320.61,13818900
12/20/2010,321.6,323.25,318.23,322.21,13771800
12/21/2010,323,324.39,322.05,324.205,9155500
12/22/2010,324.36,325.72,323.55,325.16,9497200
12/23/2010,325,325.15,323.17,323.6,7969900
12/27/2010,322.8519,325.44,321.52,324.68,8922000
12/28/2010,325.9102,326.66,325.06,325.47,6283000
12/29/2010,326.22,326.45,325.1,325.29,5826400
12/30/2010,325.48,325.51,323.05,323.66,5624800
12/31/2010,322.95,323.48,321.31,322.56,6911000
1/3/2011,325.64,330.26,324.8365,329.57,15897800
1/4/2011,332.44,332.5,328.15,331.29,11038600
1/5/2011,329.55,334.34,329.5,334,9125700
1/6/2011,334.7194,335.25,332.9,333.73,10729600
1/7/2011,333.99,336.35,331.9,336.12,11140400
1/10/2011,338.83,343.23,337.17,342.455,16020000
1/11/2011,344.88,344.96,339.47,341.64,15861000
1/12/2011,343.25,344.43,342,344.42,10806800
1/13/2011,345.16,346.64,343.85,345.68,10599300
1/14/2011,345.89,348.48,344.44,348.48,11030000
1/18/2011,329.52,344.7625,326,340.65,67178500
1/19/2011,348.35,348.6,336.88,338.84,40557600
1/20/2011,336.43,338.3,330.12,332.68,27313900
1/21/2011,333.77,334.88,326.63,326.72,26942900
1/24/2011,326.87,337.45,326.72,337.45,20524400
1/25/2011,336.33,341.44,334.57,341.4,19531000
1/26/2011,342.96,345.6,341.5,343.85,18102700
1/27/2011,343.78,344.6928,342.831,343.21,10179500
1/28/2011,344.17,344.4,333.528,336.1,21144900
1/31/2011,335.8,340.04,334.3,339.32,13473100
2/1/2011,341.3,345.65,340.98,345.03,15236900
2/2/2011,344.45,345.25,343.55,344.32,9248400
2/3/2011,343.8,344.24,338.55,343.44,14064200
2/4/2011,343.64,346.7,343.51,346.5,11494300
2/7/2011,347.89,353.25,347.64,351.88,17322200
2/8/2011,353.68,355.52,352.15,355.2,13608600
2/9/2011,355.19,359,354.87,358.16,17240900
2/10/2011,357.39,360,348,354.54,33162500
2/11/2011,354.7526,357.8,353.5401,356.85,13127600
2/14/2011,356.79,359.48,356.71,359.18,11086300
2/15/2011,359.19,359.97,357.55,359.9,10149100
2/16/2011,360.8,364.9,360.5,363.13,17184200
2/17/2011,357.25,360.27,356.52,358.3,18949400
2/18/2011,358.71,359.5,349.52,350.56,29144900
2/22/2011,342.15,345.4,337.72,338.61,31162700
2/23/2011,338.77,344.64,338.61,342.62,23994800
2/24/2011,344.02,345.15,338.37,342.88,17853600
2/25/2011,345.26,348.43,344.8,348.16,13572100
2/28/2011,351.24,355.05,351.12,353.21,14395500
3/1/2011,355.47,355.72,347.681,349.31,16290600
3/2/2011,349.96,354.35,348.4,352.12,21521100
3/3/2011,357.19,359.79,355.92,359.56,17885300
3/4/2011,360.07,360.29,357.75,360,16188100
3/7/2011,361.4,361.67,351.31,355.36,19504400
3/8/2011,354.91,357.4,352.25,355.76,12725600
3/9/2011,354.69,354.76,350.6,352.47,16189500
3/10/2011,349.12,349.77,344.9,346.67,18126400
3/11/2011,345.33,352.32,345,351.99,16824300
3/14/2011,353.18,356.4844,351.31,353.56,15569900
3/15/2011,342.1,347.84,340.1,345.43,25752900
3/16/2011,342,343,326.26,330.01,41500400
3/17/2011,336.83,339.61,330.6596,334.64,23550800
3/18/2011,337.13,338.2,330,330.67,26900500
3/21/2011,335.99,339.74,335.26,339.3,14621500
3/22/2011,342.56,342.62,339.14,341.2,11640100
3/23/2011,339.28,340.22,335.95,339.19,13321300
3/24/2011,341.85,346,338.86,344.97,14454000
3/25/2011,348.07,352.06,347.02,351.54,16032500
3/28/2011,353.15,354.32,350.44,350.44,11048400
3/29/2011,347.66,350.96,346.06,350.96,12603600
3/30/2011,350.64,350.88,347.44,348.63,11764500
3/31/2011,346.36,349.8,346.06,348.5075,9786400
4/1/2011,351.11,351.5872,343.3,344.56,14952200
4/4/2011,344.31,344.6,338.4,341.19,16431600
4/5/2011,336.99,342.25,336,338.89,17240400
4/6/2011,341.22,343.9,337.14,338.04,14376400
4/7/2011,338.1,340.43,336.03,338.08,13337400
4/8/2011,339.92,340.15,333.95,335.06,13483400
4/11/2011,334.06,335.67,330.02,330.8,14248100
4/12/2011,330.49,333.73,330.2,332.4,15201400
4/13/2011,335.02,336.14,332.52,336.13,12365000
4/14/2011,334.8,336,332.06,332.42,10778600
4/15/2011,333.3,333.64,326.8,327.46,16200200
4/18/2011,326.1,332.23,320.16,331.85,21782100
4/19/2011,333.1,337.98,331.71,337.86,14977800
4/20/2011,343.51,345.75,341.5,342.41,25023800
4/21/2011,355,355.13,348.52,350.696,26921800
4/25/2011,350.34,353.75,350.3,353.009,9519500
4/26/2011,353.62,354.99,349.35,350.42,12100000
4/27/2011,352.24,352.35,347.1,350.15,12721900
4/28/2011,346.19,349.75,345.52,346.75,12891400
4/29/2011,346.78,353.95,346.666,350.13,35940900
5/2/2011,349.74,350.469,345.5,346.28,15811200
5/3/2011,347.99,349.89,345.62,348.2,11191000
5/4/2011,348.26,351.83,346.88,349.57,13901800
5/5/2011,348.4,350.95,346.05,346.75,11998900
5/6/2011,349.69,350,346.21,346.66,10004800
5/9/2011,347.86,349.2,346.5276,347.6,7312400
5/10/2011,348.89,349.69,346.66,349.45,10074700
5/11/2011,349.02,350,345.24,347.23,12000000
5/12/2011,346.12,347.12,342.27,346.57,11500000
5/13/2011,345.66,346.25,340.35,340.5,11647000
5/16/2011,339.2,341.22,332.6,333.3,16063400
5/17/2011,332,336.14,330.73,336.14,16154800
5/18/2011,336.47,341.05,336,339.87,11956300
5/19/2011,342.08,342.414,338.67,340.53,9327500
5/20/2011,339.56,340.95,335.02,335.22,12070300
5/23/2011,329.97,335.98,329.42,334.4,13700000
5/24/2011,335.5,335.899,331.34,332.19,11497400
5/25/2011,333.43,338.56,332.85,336.78,10508000
5/26/2011,335.97,336.89,334.435,335,7948600
5/27/2011,334.8,337.63,334.31,337.41,7271400
5/31/2011,341.1,347.83,341,347.83,14919800
6/1/2011,348.87,352.132,344.65,345.51,19810100
6/2/2011,346.5,347.98,344.3,346.102,12099400
6/3/2011,343.18,345.33,342.01,343.44,11187500
6/6/2011,344.84,347.05,337.81,338.04,16497900
6/7/2011,338.17,338.22,331.9,332.04,18920900
6/8/2011,331.78,334.8,330.65,332.24,11918700
6/9/2011,333.25,333.67,330.75,331.49,9824600
6/10/2011,330.55,331.66,325.51,325.9,15498400
6/13/2011,327.2,328.31,325.07,326.6,11766900
6/14/2011,330,333.25,329.31,332.44,11948900
6/15/2011,329.75,330.3,324.88,326.75,14257000
6/16/2011,326.9,328.6811,318.33,325.16,18235400
6/17/2011,328.99,329.25,319.36,320.26,21965000
6/20/2011,317.355,317.7,310.5,315.32,22880200
6/21/2011,316.68,325.8,315.2,325.3,17620800
6/22/2011,325.16,328.9,322.38,322.61,13949400
6/23/2011,318.94,331.69,318.12,331.23,19991400
6/24/2011,331.37,333.15,325.09,326.35,15707400
6/27/2011,327.59,333.9,327.25,332.04,12136200
6/28/2011,333.65,336.7,333.44,335.26,10510700
6/29/2011,336.04,336.37,331.88,334.04,12590900
6/30/2011,334.7,336.13,332.84,335.67,11534100
7/1/2011,335.95,343.5,334.2,343.26,15546900
7/5/2011,343,349.83,342.5,349.43,12680500
7/6/2011,348.95,354.1,346.71,351.76,15879500
7/7/2011,354.67,358,354,357.2,14273700
7/8/2011,353.34,360,352.2,359.71,17486900
7/11/2011,356.34,359.77,352.82,354,15809800
7/12/2011,353.53,357.68,348.62,353.75,16128900
7/13/2011,358.33,360,356.38,358.02,13987100
7/14/2011,361.01,361.61,356.34,357.77,15376200
7/15/2011,361.17,365,359.17,364.92,17302400
7/18/2011,365.43,374.65,365.28,373.8,20451900
7/19/2011,378,378.65,373.32,376.85,29255200
7/20/2011,396.12,396.27,386,386.9,33619300
7/21/2011,386.95,390.06,383.9,387.29,18804800
7/22/2011,388.32,395.05,387.75,393.3,18454600
7/25/2011,390.35,400,389.62,398.5,21064500
7/26/2011,400,404.5,399.68,403.41,17020800
7/27/2011,400.59,402.64,392.15,392.59,23547300
7/28/2011,391.62,396.99,388.13,391.82,21215500
7/29/2011,387.64,395.15,384,390.48,22592300
8/1/2011,397.78,399.5,392.37,396.75,21887000
8/2/2011,397.65,397.9,388.35,388.91,22840700
8/3/2011,390.98,393.55,382.24,392.57,26161000
8/4/2011,389.41,391.32,377.35,377.37,31121700
8/5/2011,380.44,383.5,362.57,373.62,43021100
8/8/2011,361.69,367.77,353.02,353.21,40851200
8/9/2011,361.3,374.61,355,374.01,38663700
8/10/2011,371.15,374.65,362.5,363.69,31380600
8/11/2011,370.52,375.45,364.72,373.7,26498900
8/12/2011,378.07,379.64,374.23,376.99,18892000
8/15/2011,379.63,384.97,378.09,383.41,16448000
8/16/2011,381.52,383.37,376.06,380.48,17812500
8/17/2011,382.31,384.52,378,380.44,15787900
8/18/2011,370.84,372.65,361.37,366.05,30408400
8/19/2011,362.17,367,356,356.03,27710300
8/22/2011,364.51,364.88,355.09,356.44,19118400
8/23/2011,360.3,373.64,357,373.6,23458400
8/24/2011,373.47,378.96,370.6,376.18,22366700
8/25/2011,365.08,375.45,365,373.72,31119500
8/26/2011,371.17,383.8,370.8008,383.58,22909900
8/29/2011,388.18,391.5,388,389.97,14473900
8/30/2011,388.25,391.84,386.21,389.99,14925800
8/31/2011,390.57,392.08,381.86,384.83,18663800
9/1/2011,385.82,387.3399,380.72,381.03,12275900
9/2/2011,374.74,378,371.83,374.05,15676400
9/6/2011,367.37,380.33,366.48,379.74,18203500
9/7/2011,385.56,385.6,382,383.93,12520600
9/8/2011,382.4,388.61,382.31,384.14,14862800
9/9/2011,383.93,386,375.02,377.48,20171900
9/12/2011,375.89,380.88,371.9,379.94,16708300
9/13/2011,382.14,386.21,380.25,384.62,15734300
9/14/2011,387.02,392.21,385.76,389.3,19097300
9/15/2011,391.43,393.66,389.9,392.96,14922100
9/16/2011,395.54,400.503,395.03,400.5,24946900
9/19/2011,397,413.23,395.2045,411.63,29423600
9/20/2011,415.25,422.86,411.19,413.45,27705500
9/21/2011,419.64,421.59,412,412.14,21642000
9/22/2011,401.03,409.82,396.7,401.82,34588600
9/23/2011,400.28,406.74,399.85,404.3,19509900
9/26/2011,399.86,403.98,391.3,403.17,29031300
9/27/2011,408.73,409.25,398.06,399.26,22589200
9/28/2011,400.19,403.74,396.51,397.01,15344200
9/29/2011,401.92,402.21,386.21,390.57,23253100
9/30/2011,387.12,388.89,381.18,381.32,19558600
10/3/2011,380.37,382.64,373.171,374.6,23896400
10/4/2011,374.57,381.8,354.24,372.5,44059900
10/5/2011,367.86,379.82,360.3,378.25,28088200
10/6/2011,373.33,384.78,371.8045,377.37,29020800
10/7/2011,375.78,377.74,368.489,369.8,19123500
10/10/2011,379.09,388.81,378.21,388.81,15804100
10/11/2011,392.57,403.18,391.5,400.29,21631700
10/12/2011,407.34,409.25,400.14,402.19,22224500
10/13/2011,404.98,408.43,402.85,408.43,15220900
10/14/2011,416.83,422,415.27,422,20477400
10/17/2011,421.74,426.7,415.94,419.99,24501600
10/18/2011,421.76,424.8067,415.99,422.24,31485800
10/19/2011,401.35,408.419,397.8,398.62,39430700
10/20/2011,400,400.35,394.21,395.31,19616800
10/21/2011,398.1,399.14,390.75,392.87,22187300
10/24/2011,396.18,406.5,395.4,405.77,17933500
10/25/2011,405.03,406.55,397.38,397.77,15372400
10/26/2011,401.76,402.55,393.151,400.6,16296600
10/27/2011,407.56,409,401.89,404.69,17666600
10/28/2011,403,406.35,402.51,404.95,11530100
10/31/2011,402.42,409.33,401.05,404.78,13767900
11/1/2011,397.41,399.5,393.22,396.51,18992500
11/2/2011,400.09,400.44,395.11,397.41,11691100
11/3/2011,399.07,403.4,395.36,403.07,15763800
11/4/2011,402.03,403.44,399.16,400.24,10793900
11/7/2011,399.91,400,396.13,399.73,9652700
11/8/2011,402.21,408,401.56,406.23,14301500
11/9/2011,396.97,400.89,394.23,395.28,19953000
11/10/2011,397.03,397.21,382.15,385.22,26598300
11/11/2011,386.61,388.7,380.26,384.62,23349500
11/14/2011,383.5201,385.25,378.2,379.26,15460900
11/15/2011,380.8,389.5,379.45,388.83,15386100
11/16/2011,389.25,391.14,384.32,384.77,12471800
11/17/2011,383.98,384.58,375.5,377.41,17139300
11/18/2011,378.92,379.99,374.88,374.94,13283500
11/21/2011,370.4,371.68,365.91,369.01,15999300
11/22/2011,371.02,377.93,370.94,376.51,14607900
11/23/2011,374.51,375.84,366.88,366.99,15295400
11/25/2011,368.42,371.15,363.32,363.57,9098600
11/28/2011,372.35,376.72,370.33,376.12,12371900
11/29/2011,375.84,378.83,370.2,373.2,13423400
11/30/2011,381.29,382.276,378.3,382.2,14497800
12/1/2011,382.54,389,380.75,387.93,13827900
12/2/2011,389.83,393.6299,388.58,389.7,13537700
12/5/2011,393.49,396.41,390.388,393.01,12757500
12/6/2011,392.51,394.63,389.38,390.95,10128500
12/7/2011,389.93,390.94,386.7625,389.09,10883800
12/8/2011,391.45,395.5,390.23,390.66,13441300
12/9/2011,392.85,394.04,391.03,393.62,10606900
12/12/2011,391.68,393.9,389.45,391.84,10752400
12/13/2011,393,395.4,387.1,388.81,12104600
12/14/2011,386.7,387.38,377.68,380.19,14531700
12/15/2011,383.33,383.74,378.31,378.94,9150000
12/16/2011,380.36,384.15,379.57,381.02,15052800
12/19/2011,382.47,384.85,380.48,382.21,8411800
12/20/2011,387.76,396.1,387.26,395.95,12043400
12/21/2011,396.69,397.3,392.01,396.445,9391000
12/22/2011,397,399.13,396.1,398.55,7227100
12/23/2011,399.69,403.59,399.495,403.33,9621400
12/27/2011,403.1,409.09,403.02,406.53,9467000
12/28/2011,406.89,408.25,401.34,402.64,8166500
12/29/2011,403.4,405.65,400.51,405.12,7713500
12/30/2011,403.51,406.28,403.49,405,6416500
1/3/2012,409.4,412.5,409,411.23,10793600
1/4/2012,410,414.68,409.28,413.44,9286500
1/5/2012,414.95,418.55,412.67,418.03,9688200
1/6/2012,419.77,422.75,419.22,422.4,11367600
1/9/2012,425.5001,427.75,421.35,421.73,14072300
1/10/2012,425.9101,426,421.5,423.24,9221300
1/11/2012,422.68,422.85,419.31,422.55,7681600
1/12/2012,422.28,422.9,418.75,421.39,7592400
1/13/2012,419.7,420.45,418.66,419.81,8072200
1/17/2012,424.2,425.99,422.96,424.7,8674900
1/18/2012,426.96,429.47,426.3,429.11,9885400
1/19/2012,430.15,431.369,426.51,427.75,9347800
1/20/2012,427.49,427.5,419.75,420.3,14784800
1/23/2012,422.67,428.45,422.3,427.409,10930800
1/24/2012,425.1001,425.1001,419.55,420.41,19558500
1/25/2012,454.44,454.45,443.73,446.66,34225500
1/26/2012,448.36,448.79,443.14,444.63,11570900
1/27/2012,444.34,448.48,443.77,447.28,10703900
1/30/2012,445.71,453.9,445.39,453.01,13547900
1/31/2012,455.59,458.24,453.07,456.48,13988700
2/1/2012,458.41,458.99,455.55,456.19,9644500
2/2/2012,455.9,457.17,453.98,455.12,6671300
2/3/2012,457.3,460,455.56,459.68,10235700
2/6/2012,458.38,464.98,458.201,463.97,8907600
2/7/2012,465.25,469.75,464.581,468.83,11293700
2/8/2012,470.5,476.79,469.7,476.68,14567500
2/9/2012,480.76,496.75,480.56,493.17,31579100
2/10/2012,490.96,497.62,488.55,493.42,22546500
2/13/2012,499.53,503.83,497.09,502.6,18472000
2/14/2012,504.66,509.56,502,509.46,16442800
2/15/2012,514.26,526.29,496.89,497.67,53790000
2/16/2012,491.5,504.89,486.63,502.21,33734000
2/17/2012,503.11,507.77,500.3,502.12,19135900
2/21/2012,506.88,514.85,504.12,514.85,21628400
2/22/2012,513.08,515.49,509.07,513.04,17260800
2/23/2012,514.54,517.8296,509.5,516.39,20286700
2/24/2012,519.67,522.9,518.64,522.41,14824000
2/27/2012,521.31,528.5,516.28,525.76,19556500
2/28/2012,527.96,535.41,525.85,535.41,21442400
2/29/2012,541.56,547.61,535.7,542.44,34000400
3/1/2012,548.17,548.21,538.77,544.47,24402500
3/2/2012,544.24,546.8,542.52,545.18,15418300
3/5/2012,545.42,547.48,526,533.16,28897300
3/6/2012,523.66,533.69,516.221,530.26,28937100
3/7/2012,536.8,537.78,523.3,530.69,28518600
3/8/2012,534.69,542.99,532.12,541.99,18444900
3/9/2012,544.21,547.74,543.11,545.17,14961400
3/12/2012,548.982,552,547,552,14545800
3/13/2012,557.54,568.18,555.75,568.1,24673400
3/14/2012,578.05,594.72,575.4,589.58,50673000
3/15/2012,599.61,600.01,578.55,585.56,41418500
3/16/2012,584.72,589.2,578,585.57,29481700
3/19/2012,598.37,601.77,589.05,601.1,32187000
3/20/2012,599.51,606.9,582,605.96,29166500
3/21/2012,602.74,609.65,601.41,602.5,23001500
3/22/2012,597.78,604.5,595.53,599.34,22281100
3/23/2012,600.49,601.8,594.401,596.05,15374600
3/26/2012,599.79,607.15,595.26,606.98,21276500
3/27/2012,606.18,616.28,606.06,614.48,21683200
3/28/2012,618.38,621.45,610.31,617.62,23409300
3/29/2012,612.78,616.56,607.23,609.86,21722800
3/30/2012,608.77,610.56,597.94,599.55,26108500
4/2/2012,601.83,618.77,600.38,618.63,21369700
4/3/2012,627.3,632.21,622.51,629.32,29805700
4/4/2012,624.35,625.86,617,624.31,20463600
4/5/2012,626.98,634.66,623.4,633.68,22903500
4/9/2012,626.13,639.84,625.3,636.23,21340600
4/10/2012,639.93,644,626,628.44,31775900
4/11/2012,636.2,636.87,623.3422,626.2,24879100
4/12/2012,625,631.33,620.5,622.77,21940600
4/13/2012,624.11,624.7,603.51,605.23,30701600
4/16/2012,610.06,610.28,578.25,580.13,37528100
4/17/2012,578.94,610,571.91,609.7,36626000
4/18/2012,613.72,620.25,602.71,608.34,34090400
4/19/2012,600.22,604.732,584.52,587.44,29811400
4/20/2012,591.38,594.62,570.42,572.98,36820900
4/23/2012,570.61,576.67,556.62,571.7,34518900
4/24/2012,562.61,567.69,555,560.28,38433900
4/25/2012,615.635,618,606,610,32349200
4/26/2012,614.27,614.69,602.13,607.7,19145300
4/27/2012,605.07,606.18,600.5,603,14525800
4/30/2012,597.8,598.4,583,583.98,18076600
5/1/2012,584.9,596.76,581.23,582.13,21821400
5/2/2012,580.24,587.3999,578.86,585.98,15263900
5/3/2012,590.5,591.4,580.3,581.82,13948200
5/4/2012,577.08,578.36,565.17,565.25,18928300
5/7/2012,561.5,572.77,561.23,569.48,16432800
5/8/2012,569.58,571.5,558.73,568.18,17759000
5/9/2012,563.7,573.9778,560.85,569.18,17168000
5/10/2012,574.58,575.88,568.441,570.52,11900000
5/11/2012,565,574.47,564.35,566.71,14269500
5/14/2012,562.57,567.51,557.6,558.22,12593800
5/15/2012,561.45,563.22,551.75,553.17,17012000
5/16/2012,554.05,556.89,541.04,546.075,20032000
5/17/2012,545.31,547.5,530.12,530.12,25615000
5/18/2012,533.96,543.41,522.18,530.38,26153300
5/21/2012,534.5,561.54,534.05,561.28,22539500
5/22/2012,569.55,573.88,552.58,556.97,24816800
5/23/2012,557.5,572.8,553.23,570.56,20889200
5/24/2012,575.87,576.5,561.23,565.32,17722500
5/25/2012,564.59,565.85,558.472,562.29,11732400
5/29/2012,570.9,574,565.31,572.27,13589600
5/30/2012,569.2,579.99,566.56,579.17,18908200
5/31/2012,580.74,581.5,571.46,577.73,17559800
6/1/2012,569.16,572.65,560.52,560.99,18606700
6/4/2012,561.5,567.5,548.5,564.29,19892700
6/5/2012,561.27,566.47,558.33,562.83,13864800
6/6/2012,567.77,573.85,565.5,571.46,14337700
6/7/2012,577.29,577.32,570.5,571.72,13563100
6/8/2012,571.6,580.584,569,580.32,12411300
6/11/2012,587.72,588.5,570.63,571.17,21116600
6/12/2012,574.46,576.62,566.7,576.16,15549300
6/13/2012,574.52,578.48,570.38,572.16,10485000
6/14/2012,571.24,573.5,567.26,571.53,12341900
6/15/2012,571,574.62,569.55,574.13,11973400
6/18/2012,570.96,587.89,570.37,585.78,15729000
6/19/2012,583.4,590,583.1,587.41,12907300
6/20/2012,588.21,589.25,580.8,585.741,12819400
6/21/2012,585.44,588.22,577.44,577.67,11655400
6/22/2012,579.04,582.19,575.42,582.1,10159700
6/25/2012,577.3,579.8,570.37,570.765,10870800
6/26/2012,571.33,574.49,567.33,572.025,9876300
6/27/2012,575,576.74,571.92,574.5,7249900
6/28/2012,571.67,574,565.61,569.05,10101300
6/29/2012,578,584,574.25,584,15053600
7/2/2012,584.73,593.47,583.6,592.52,14289000
7/3/2012,594.88,600,594,599.41,8632600
7/5/2012,600.56,614.34,599.65,609.94,17299400
7/6/2012,607.09,608.44,601.58,605.88,14961800
7/9/2012,605.3,613.9,604.11,613.89,13550200
7/10/2012,617.97,619.87,605.31,608.21,18284200
7/11/2012,606.12,607.66,597.22,604.43,16761500
7/12/2012,600.24,603.47,592.68,598.9,15287200
7/13/2012,602.95,607.19,600,604.97,11122400
7/16/2012,605.12,611.62,605.02,606.91,10759300
7/17/2012,610.79,611.5,603.15,606.94,10486600
7/18/2012,606.59,608.34,603.56,606.26,9025000
7/19/2012,611.28,615.35,606,614.32,15602200
7/20/2012,613.03,614.44,603.7,604.3,14195400
7/23/2012,594.4,605.9,587.71,603.83,17427700
7/24/2012,607.38,609.68,598.51,600.92,20183300
7/25/2012,574.46,580.8,570,574.97,31332600
7/26/2012,579.76,580.4,570.36,574.88,14522600
7/27/2012,575.01,585.83,571.59,585.16,14426300
7/30/2012,590.92,599.44,587.82,595.03,13540800
7/31/2012,603.23,611.7,602.72,610.76,16511700
8/1/2012,615.905,616.4,603,606.81,13732200
8/2/2012,602.84,610.69,600.25,607.79,11862800
8/3/2012,613.63,617.98,611.56,615.7,12318600
8/6/2012,617.29,624.868,615.26,622.55,10789400
8/7/2012,622.77,625,618.04,620.914,10373100
8/8/2012,619.39,623.88,617.1,619.86,8739500
8/9/2012,617.85,621.73,617.8,620.73,7915800
8/10/2012,618.71,621.76,618.7,621.7,6962100
8/13/2012,623.39,630,623.25,630,9958300
8/14/2012,631.87,638.61,630.21,631.69,12148900
8/15/2012,631.3,634,627.75,630.83,9190800
8/16/2012,631.21,636.76,630.5,636.34,9090500
8/17/2012,640,648.19,638.81,648.11,15812900
8/20/2012,650.01,665.15,649.9,665.15,21906600
8/21/2012,670.82,674.88,650.33,656.062,29025700
8/22/2012,654.42,669,648.11,668.87,20190100
8/23/2012,666.11,669.9,661.15,662.63,15004600
8/24/2012,659.51,669.48,655.55,663.222,15619300
8/27/2012,679.99,680.87,673.54,675.68,15250300
8/28/2012,674.9773,676.1,670.673,674.8,9550600
8/29/2012,675.25,677.67,672.6,673.466,7243100
8/30/2012,670.64,671.554,662.853,663.868,10810700
8/31/2012,667.25,668.6,657.25,665.24,12082900
9/4/2012,665.76,675.14,664.5,674.97,13139000
9/5/2012,675.57,676.35,669.6,670.23,12013400
9/6/2012,673.17,678.29,670.8,676.27,13971300
9/7/2012,678.05,682.48,675.77,680.44,11773800
9/10/2012,680.45,683.29,662.1,662.74,17428500
9/11/2012,665.11,670.1,656.5,660.59,17999400
9/12/2012,666.85,669.9,656,669.79,25436900
9/13/2012,677.37,685.5,674.77,682.98,21370000
9/14/2012,689.955,696.98,687.89,691.28,21445500
9/17/2012,699.35,699.8,694.61,699.781,14215400
9/18/2012,699.88,702.33,696.42,701.91,13339400
9/19/2012,700.26,703.99,699.57,702.1,11674100
9/20/2012,699.16,700.06,693.62,698.7,12020300
9/21/2012,702.41,705.07,699.3617,700.095,20413900
9/24/2012,686.86,695.12,683,690.79,22848800
9/25/2012,688.26,692.78,673,673.54,18528200
9/26/2012,668.74,672.69,661.2,665.18,20589400
9/27/2012,664.29,682.17,660.35,681.32,21217500
9/28/2012,678.75,681.11,666.75,667.105,19111100
10/1/2012,671.5,676.75,656.5,659.39,19414100
10/2/2012,661.81,666.35,650.65,661.31,22428300
10/3/2012,664.86,671.86,662.63,671.45,15152900
10/4/2012,671.25,674.25,665.55,666.8,13240200
10/5/2012,665.2,666,651.28,652.59,21214500
10/8/2012,646.88,647.56,636.11,638.17,22785500
10/9/2012,638.65,640.49,623.55,635.85,29949900
10/10/2012,639.74,644.98,637,640.91,18227000
10/11/2012,646.5,647.2,628.1,628.1,19502900
10/12/2012,629.56,635.38,625.3,629.714,16429100
10/15/2012,632.35,635.13,623.85,634.76,15446500
10/16/2012,635.34,650.3,631,649.7925,19634700
10/17/2012,648.87,652.79,644,644.6136,13894200
10/18/2012,639.59,642.06,630,632.64,17022300
10/19/2012,631.05,631.77,609.62,609.84,26574500
10/22/2012,612.42,635.38,610.76,634.03,19526100
10/23/2012,631,633.9,611.7,613.3554,25255200
10/24/2012,621.44,626.55,610.64,616.83,19947400
10/25/2012,620,622,605.55,609.538,23440200
10/26/2012,609.43,614,591,604,36372600
10/31/2012,594.88,601.96,587.7,595.32,18214400
11/1/2012,598.22,603,594.17,596.5399,12903500
11/2/2012,595.89,596.95,574.75,576.8,21406200
11/5/2012,583.515,587.77,577.6,584.6211,18897700
11/6/2012,590.23,590.74,580.09,582.8495,13389900
11/7/2012,573.835,574.54,555.75,558.0019,28344600
11/8/2012,560.63,562.23,535.29,537.75,37719500
11/9/2012,540.42,554.88,533.72,547.06,33211200
11/12/2012,554.15,554.5,538.65,542.83,18421500
11/13/2012,538.91,550.48,536.36,542.898,19033900
11/14/2012,545.5,547.45,536.18,536.88,17041800
11/15/2012,537.53,539.5,522.62,525.62,28211100
11/16/2012,525.2,530,505.7501,527.678,45246200
11/19/2012,540.7097,567.5,539.88,565.73,29404200
11/20/2012,571.91,571.95,554.58,560.9134,22955500
11/21/2012,564.25,567.37,556.6,561.7,13321500
11/23/2012,567.17,572,562.6,571.5,9743800
11/26/2012,575.9,590,573.71,589.53,22520700
11/27/2012,589.55,590.42,580.1,584.78,19047500
11/28/2012,577.27,585.8,572.26,582.94,18602300
11/29/2012,590.215,594.25,585.25,589.36,18382100
11/30/2012,586.79,588.4,582.68,585.28,13975700
12/3/2012,593.65,594.59,585.5,586.19,13010000
12/4/2012,581.8,581.8,572.13,575.8454,19895300
12/5/2012,568.91,569.25,538.77,538.7923,37308500
12/6/2012,528.94,553.31,518.63,547.2445,42043300
12/7/2012,553.4,555.2,530,533.25,28108600
12/10/2012,525,538.51,521.58,529.8209,22517300
12/11/2012,539.77,549.56,537.37,541.388,21155200
12/12/2012,547.77,548,536.2701,539,17398000
12/13/2012,531.15,537.6399,525.8,529.69,22330700
12/14/2012,514.75,518.132,505.58,509.794,36056400
12/17/2012,508.93,520,501.23,518.83,27057400
12/18/2012,525,534.9,520.25,533.9,22345900
12/19/2012,531.47,533.7,525.5,526.31,16048900
12/20/2012,530,530.2,518.88,521.7302,17203200
12/21/2012,512.47,519.67,510.24,519.33,21295300
12/24/2012,520.35,524.25,518.71,520.168,6276900
12/26/2012,519,519.46,511.12,512.9995,10801300
12/27/2012,513.54,516.25,504.66,515.06,16254300
12/28/2012,510.29,514.48,508.12,509.5892,12652800
12/31/2012,510.53,535.4,509,532.1729,23553300
1/2/2013,553.82,555,541.63,549.03,20018500
1/3/2013,547.88,549.67,541,542.0959,12605900
1/4/2013,536.965,538.6299,525.8286,527,21226200
1/7/2013,522,529.3,515.2,523.9,17291300
1/8/2013,529.21,531.89,521.25,525.31,16382400
1/9/2013,522.5,525.0054,515.99,517.1,14557300
1/10/2013,528.55,528.72,515.52,523.51,21469500
1/11/2013,521,525.32,519.02,520.3,12518100
1/14/2013,502.68,507.5,498.51,501.75,26221700
1/15/2013,498.3,498.99,483.38,485.92,31313300
1/16/2013,494.64,509.44,492.5,506.09,24671600
1/17/2013,510.31,510.75,502.03,502.68,16202800
1/18/2013,498.516,502.22,496.4,500,16890100
1/22/2013,504.56,507.88,496.63,504.77,16483800
1/23/2013,508.81,514.99,504.77,514.005,30768200
1/24/2013,460,465.73,450.25,450.5,52173300
1/25/2013,451.69,456.23,435,439.88,43143800
1/28/2013,437.825,453.21,435.86,449.83,28054200
1/29/2013,458.5,460.2,452.12,458.27,20398500
1/30/2013,457,462.6,454.5,456.83,14898400
1/31/2013,456.98,459.28,454.98,455.49,11404800
2/1/2013,459.11,459.48,448.35,453.62,19267300
2/4/2013,453.91,455.94,442,442.316,17039900
2/5/2013,444.05,459.74,442.22,457.844,20476700
2/6/2013,456.47,466.5,452.58,457.35,21203800
2/7/2013,463.25,470,454.12,468.22,25163600
2/8/2013,474,478.81,468.25,474.98,22612800
2/11/2013,476.5,484.94,473.25,479.93,18481800
2/12/2013,479.51,482.38,467.744,467.9,21751900
2/13/2013,467.21,473.64,463.22,467.01,16971700
2/14/2013,464.5199,471.64,464.02,466.59,12688400
2/15/2013,468.85,470.16,459.92,460.16,13990900
2/19/2013,461.1,462.73,453.85,459.99,15563700
2/20/2013,457.69,457.69,448.8,448.85,17010800
2/21/2013,446,449.17,442.82,446.06,15970800
2/22/2013,449.25,451.6,446.6,450.81,11809100
2/25/2013,453.85,455.12,442.57,442.8,13306400
2/26/2013,443.82,451.54,437.66,448.97,17910700
2/27/2013,448.43,452.44,440.65,444.57,20976800
2/28/2013,444.05,447.87,441.4,441.4,11518400
3/1/2013,438,438.1799,429.98,430.47,19730300
3/4/2013,427.8,428.1999,419,420.05,20812700
3/5/2013,421.48,435.19,420.75,431.144,22801200
3/6/2013,434.51,435.25,424.43,425.662,16437500
3/7/2013,424.5,432.01,421.06,430.582,16731200
3/8/2013,429.8,435.43,428.61,431.72,13981500
3/11/2013,429.7499,439.01,425.14,437.87,16937000
3/12/2013,435.6,438.88,427.57,428.43,16639700
3/13/2013,428.45,434.5,425.36,428.35,14483900
3/14/2013,432.83,434.64,430.45,432.5,10852700
3/15/2013,437.93,444.23,437.25,443.66,22998600
3/18/2013,441.45,457.46,441.2,455.72,21649900
3/19/2013,459.5,460.97,448.5,454.49,18813400
3/20/2013,457.42,457.63,449.59,452.08,11023600
3/21/2013,450.22,457.98,450.1,452.73,13687700
3/22/2013,454.58,462.1,453.11,461.91,14110900
3/25/2013,464.69,469.95,461.78,463.58,17897700
3/26/2013,465.44,465.8399,460.53,461.136,10510500
3/27/2013,456.46,456.8,450.7301,452.08,11829900
3/28/2013,449.82,451.819,441.62,442.66,15815700
4/1/2013,441.9,443.698,427.74,428.91,13919000
4/2/2013,427.6,438.14,426.4,429.792,18911400
4/3/2013,431.37,437.28,430.31,431.99,12972000
4/4/2013,433.76,435,425.25,427.72,12801700
4/5/2013,424.5,424.95,419.68,423.2,13703400
4/8/2013,424.85,427.5,422.49,426.21,10743900
4/9/2013,426.36,428.5,422.75,426.98,10950500
4/10/2013,428.1,437.06,426.01,435.69,13426000
4/11/2013,433.72,437.99,431.2,434.33,11727300
4/12/2013,434.15,434.15,429.09,429.8,8521900
4/15/2013,427,427.89,419.55,419.85,11340000
4/16/2013,421.57,426.61,420.57,426.24,10920400
4/17/2013,420.27,420.6,398.11,402.8,33752000
4/18/2013,404.99,405.79,389.742,392.05,23796400
4/19/2013,387.97,399.6,385.1,390.53,21759800
4/22/2013,392.64,402.2,391.275,398.67,15354300
4/23/2013,403.99,408.381,398.81,406.13,23722800
4/24/2013,393.54,415.25,392.5,405.462,34630400
4/25/2013,411.225,413.94,407,408.38,13744200
4/26/2013,409.81,418.769,408.25,417.205,27289200
4/29/2013,420.45,433.617,420,430.12,22868800
4/30/2013,435.1,445.25,432.07,442.78,24697800
5/1/2013,444.46,444.93,434.39,439.29,18103900
5/2/2013,441.78,448.59,440.63,445.52,15065300
5/3/2013,451.31,453.23,449.15,449.98,12903600
5/6/2013,455.71,462.2,454.31,460.71,17737200
5/7/2013,464.97,465.75,453.7,458.658,17276900
5/8/2013,459.04,465.37,455.81,463.84,16878500
5/9/2013,459.81,463,455.58,456.77,14231700
5/10/2013,457.97,459.71,450.48,452.97,11959000
5/13/2013,451.51,457.9,451.5,454.74,11319600
5/14/2013,453.85,455.2,442.15,443.86,15968500
5/15/2013,439.16,441,422.36,428.85,26486200
5/16/2013,423.24,437.85,418.9,434.578,21543000
5/17/2013,439.05,440.09,431.01,433.26,15282300
5/20/2013,431.91,445.8,430.1,442.93,16127800
5/21/2013,438.15,445.48,434.2,439.66,16286500
5/22/2013,444.05,448.3499,438.22,441.354,15822800
5/23/2013,435.95,446.16,435.79,442.14,12607900
5/24/2013,440.85,445.66,440.36,445.15,9863100
5/28/2013,449.9,451.11,440.85,441.439,13790900
5/29/2013,440,447.5,439.4,444.95,11806300
5/30/2013,445.65,454.5,444.51,451.58,12625700
5/31/2013,452.5,457.1,449.5,449.735,13725100
6/3/2013,450.73,452.36,442.48,450.72,13298300
6/4/2013,453.22,454.43,447.39,449.31,10454600
6/5/2013,445.65,450.72,443.71,445.11,10378200
6/6/2013,445.47,447,434.05,438.46,14890500
6/7/2013,436.5,443.24,432.77,441.811,14447700
6/10/2013,444.73,449.079,436.8,438.89,16076900
6/11/2013,435.74,442.7599,433.32,437.6,10218300
6/12/2013,439.5,441.25,431.5,432.19,9472400
6/13/2013,432.5,437.14,428.75,435.965,10208300
6/14/2013,435.4,436.29,428.5,430.05,9709500
6/17/2013,431.44,435.7,430.3615,432,9264800
6/18/2013,431.56,434.9,430.21,431.77,6965200
6/19/2013,431.4,431.66,423,423,11105000
6/20/2013,419.3,425.98,415.17,416.838,12761100
6/21/2013,418.49,420,408.1001,413.5,17182800
6/24/2013,407.4,408.66,398.05,402.54,17169500
6/25/2013,405.7,407.79,398.83,402.63,11220100
6/26/2013,403.9,404.79,395.66,398.07,13133000
6/27/2013,399.25,401.39,393.54,393.78,12044500
6/28/2013,391.36,400.27,388.87,396.53,20661300
7/1/2013,402.69,412.27,401.22,409.22,13966200
7/2/2013,409.96,421.63,409.47,418.49,16780900
7/3/2013,420.86,422.98,417.45,420.8,8604600
7/5/2013,420.39,423.29,415.35,417.42,9786600
7/8/2013,420.11,421,410.65,415.05,10647800
7/9/2013,413.6,423.5,410.38,422.35,12592300
7/10/2013,419.6,424.8,418.25,420.73,10050200
7/11/2013,422.95,428.25,421.1701,427.288,11653300
7/12/2013,427.65,429.79,423.41,426.51,9984400
7/15/2013,425.01,431.46,424.8,427.44,8639900
7/16/2013,426.52,430.71,424.17,430.195,7733500
7/17/2013,429.7,432.22,428.22,430.31,7106800
7/18/2013,433.38,434.87,430.61,431.758,7817100
7/19/2013,433.1,433.98,424.35,424.95,9597200
7/22/2013,429.46,429.75,425.468,426.31,7421300
7/23/2013,426,426.96,418.71,418.99,13192700
7/24/2013,438.93,444.59,435.26,440.51,21140600
7/25/2013,440.7,441.4,435.81,438.5,8196200
7/26/2013,435.3,441.04,434.34,440.99,7148300
7/29/2013,440.8,449.99,440.2,447.79,8859200
7/30/2013,449.96,457.15,449.23,453.32,11050800
7/31/2013,454.99,457.3425,449.43,452.53,11534200
8/1/2013,455.7527,456.8,453.26,456.676,7366100
8/2/2013,458.01,462.85,456.66,462.54,9813700
8/5/2013,464.69,470.67,462.15,469.45,11387700
8/6/2013,468.02,471.89,462.17,465.25,11959200
8/7/2013,463.8,467,461.77,464.98,10673500
8/8/2013,463.855,464.1,457.95,461.01,9134900
8/9/2013,458.64,460.46,453.65,454.45,9530900
8/12/2013,456.86,468.65,456.63,467.36,13015500
8/13/2013,470.94,494.66,468.05,489.57,31497900
8/14/2013,497.88,504.25,493.4,498.5,27013300
8/15/2013,496.42,502.399,489.0833,497.91,17510500
8/16/2013,500.15,502.94,498.86,502.33,12939500
8/19/2013,504.34,513.74,504,507.74,18232800
8/20/2013,509.71,510.57,500.82,501.07,12810300
8/21/2013,503.59,507.15,501.2,502.36,11995700
8/22/2013,504.98,505.59,498.2,502.96,8721700
8/23/2013,503.27,503.35,499.35,501.02,7954700
8/26/2013,500.75,510.2,500.5,502.97,11820200
8/27/2013,498,502.51,486.3,488.59,15149600
8/28/2013,486,495.8,486,490.896,10986000
8/29/2013,491.65,496.5,491.13,491.7,8559200
8/30/2013,492,492.95,486.5,487.216,9724900
9/3/2013,493.1,500.6,487.35,488.58,11854600
9/4/2013,499.56,502.24,496.28,498.691,12322600
9/5/2013,500.25,500.68,493.64,495.27,8441700
9/6/2013,498.44,499.38,489.95,498.22,12840200
9/9/2013,505,507.92,503.48,506.17,12167400
9/10/2013,506.2,507.45,489.5,494.64,26542700
9/11/2013,467.0101,473.69,464.81,467.71,32096300
9/12/2013,468.5,475.4,466.01,472.69,14430400
9/13/2013,469.3402,471.8292,464.7,464.9,10672700
9/16/2013,461,461.6099,447.22,450.12,19418100
9/17/2013,447.96,459.71,447.5,455.32,14263600
9/18/2013,463.18,466.35,460.66,464.68,16316500
9/19/2013,470.7,475.83,469.25,472.3,14447900
9/20/2013,478,478.55,466,467.41,24975100
9/23/2013,496.1,496.91,482.6,490.64,27218100
9/24/2013,494.88,495.47,487.82,489.1,13012300
9/25/2013,489.2,489.64,481.4301,481.53,11319900
9/26/2013,486,488.56,483.9,486.22,8472200
9/27/2013,483.78,484.67,480.72,482.75,8144300
9/30/2013,477.25,481.66,474.411,476.75,9291300
10/1/2013,478.45,489.14,478.381,487.96,12638700
10/2/2013,485.63,491.8,483.75,489.56,10328000
10/3/2013,490.51,492.35,480.7387,483.41,11526900
10/4/2013,483.86,484.6,478.6,483.03,9245300
10/7/2013,486.56,492.65,485.35,487.75,11153300
10/8/2013,489.94,490.64,480.54,480.94,10389900
10/9/2013,484.64,487.79,478.28,486.588,10775900
10/10/2013,491.32,492.38,487.04,489.638,9950100
10/11/2013,486.99,493.84,485.16,492.812,9562100
10/14/2013,489.83,497.58,489.35,496.04,9353500
10/15/2013,497.505,502,495.52,498.68,11431200
10/16/2013,500.79,502.53,499.23,501.114,8967900
10/17/2013,499.98,504.78,499.68,504.5,9056900
10/18/2013,505.99,509.26,505.71,508.89,10376500
10/21/2013,511.77,524.3,511.52,521.362,14218100
10/22/2013,526.405,528.4496,508.03,519.8675,19073700
10/23/2013,519,525.67,519,524.96,11204400
10/24/2013,525,532.47,522.45,531.91,13741600
10/25/2013,531.315,533.23,525.11,525.958,12064000
10/28/2013,529.04,531,523.21,529.876,19658600
10/29/2013,536.27,539.25,514.54,516.678,22707400
10/30/2013,519.61,527.52,517.02,524.896,12648700
10/31/2013,525,527.49,521.27,522.702,9846300
11/1/2013,524.02,524.8,515.84,520.03,9817500
11/4/2013,521.1,526.82,518.81,526.75,8736700
11/5/2013,524.58,528.885,523,525.449,9471900
11/6/2013,524.15,524.86,518.2,520.92,7977700
11/7/2013,519.58,523.19,512.38,512.492,9379300
11/8/2013,514.58,521.13,512.59,520.56,9975600
11/11/2013,519.99,521.67,514.41,519.048,8123300
11/12/2013,517.67,523.92,517,520.01,7295600
11/13/2013,518,522.25,516.96,520.634,7043600
11/14/2013,522.81,529.28,521.87,528.16,10086400
11/15/2013,526.58,529.09,524.49,524.991,11354300
11/18/2013,524.99,527.19,518.2,518.629,8748000
11/19/2013,519.03,523.38,517.97,519.55,7462100
11/20/2013,519.23,520.42,514.33,515,6925600
11/21/2013,517.6,521.21,513.67,521.136,9358100
11/22/2013,519.52,522.16,518.53,519.8,7990200
11/25/2013,521.02,525.87,521,523.74,8189700
11/26/2013,524.12,536.14,524,533.4,14335100
11/27/2013,536.3098,546,533.4,545.96,12980300
11/29/2013,549.48,558.33,547.81,556.07,11361700
12/2/2013,558,564.3299,550.82,551.23,16876600
12/3/2013,558.3,566.38,557.68,566.322,16106000
12/4/2013,565.5,569.19,560.82,565,13493200
12/5/2013,572.65,575.1358,566.41,567.901,15985000
12/6/2013,565.79,566.75,559.57,560.02,12298300
12/9/2013,560.9001,569.58,560.9001,566.43,11446200
12/10/2013,563.58,567.88,561.2,565.55,9938200
12/11/2013,567,570.97,559.69,561.36,12847100
12/12/2013,562.1415,565.34,560.03,560.54,9367500
12/13/2013,562.85,562.88,553.67,554.43,11886500
12/16/2013,555.02,562.6389,555.01,557.5,10092600
12/17/2013,555.81,559.44,553.375,554.99,8210800
12/18/2013,549.7,551.45,538.8,550.77,20209400
12/19/2013,549.5,550,543.7301,544.46,11439600
12/20/2013,545.43,551.61,544.8175,549.02,15586200
12/23/2013,568,570.72,562.76,570.09,17903800
12/24/2013,569.89,571.88,566.03,567.67,5984100
12/26/2013,568.1,569.5,563.376,563.9,7286000
12/27/2013,563.82,564.41,559.5,560.09,8067300
12/30/2013,557.46,560.09,552.321,554.52,9058200
12/31/2013,554.17,561.28,554,561.02,7967300
1/2/2014,555.68,557.03,552.021,553.13,8381600
1/3/2014,552.86,553.7,540.43,540.98,14016700
1/6/2014,537.45,546.8,533.6,543.93,14736100
1/7/2014,544.32,545.96,537.925,540.0375,11328900
1/8/2014,538.81,545.56,538.69,543.46,9233200
1/9/2014,546.8,546.86,535.3501,536.519,9969600
1/10/2014,539.83,540.8,531.11,532.94,10892000
1/13/2014,529.91,542.5,529.88,535.73,13517600
1/14/2014,538.22,546.73,537.66,546.39,11877200
1/15/2014,553.52,560.2,551.66,557.36,13987100
1/16/2014,554.9,556.85,551.68,554.25,8188500
1/17/2014,551.48,552.07,539.9,540.67,15240700
1/21/2014,540.99,550.07,540.42,549.07,11733100
1/22/2014,550.9147,557.29,547.81,551.51,13570900
1/23/2014,549.94,556.5,544.8064,556.18,14401400
1/24/2014,554,555.62,544.75,546.07,15334100
1/27/2014,550.07,554.8,545.75,550.5,19817100
1/28/2014,508.76,515,502.07,506.5,38054400
1/29/2014,503.95,507.37,498.62,500.75,17957500
1/30/2014,502.54,506.5,496.7,499.782,24232200
1/31/2014,495.18,501.53,493.55,500.6,16599900
2/3/2014,502.61,507.73,499.3,501.53,14338000
2/4/2014,505.85,509.46,502.76,508.79,13452900
2/5/2014,506.56,515.28,506.2519,512.59,11726600
2/6/2014,510.06,513.5,507.81,512.51,9205900
2/7/2014,521.38,522.9299,517.38,519.68,13224300
2/10/2014,518.66,531.99,518,528.99,12341400
2/11/2014,530.61,537.75,529.5,535.96,10080600
2/12/2014,536.95,539.56,533.24,535.92,11003600
2/13/2014,534.66,544.85,534.2,544.43,10978500
2/14/2014,542.47,545.9799,541.21,543.99,9747300
2/18/2014,546,551.19,545.61,545.99,9294700
2/19/2014,544.75,546.89,534.35,537.37,11206000
2/20/2014,532.99,537,529,531.15,10923500
2/21/2014,532.7927,534.57,524.6,525.25,9956600
2/24/2014,523.15,529.9199,522.42,527.55,10318200
2/25/2014,529.38,529.565,521,522.06,8284000
2/26/2014,523.61,525,515.6,517.35,9864900
2/27/2014,517.14,528.78,516.05,527.67,10781500
2/28/2014,529.08,532.75,522.12,526.24,13284600
3/3/2014,523.42,530.65,522.81,527.76,8527900
3/4/2014,531,532.64,527.77,531.24,9255000
3/5/2014,530.92,534.75,529.13,532.36,7145100
3/6/2014,532.79,534.4399,528.1,530.75,6624600
3/7/2014,531.09,531.98,526.05,530.44,7883200
3/10/2014,528.36,533.33,528.3391,530.92,6378000
3/11/2014,535.45,538.74,532.59,536.09,9972300
3/12/2014,534.51,537.35,532,536.61,7118800
3/13/2014,537.44,539.66,529.16,530.65,9205100
3/14/2014,528.79,530.89,523,524.69,8471400
3/17/2014,527.7,529.97,525.85,526.74,7126600
3/18/2014,525.9,531.97,525.2001,531.4,7487400
3/19/2014,532.26,536.24,529,531.26,8027000
3/20/2014,529.89,532.67,527.35,528.7,7442800
3/21/2014,531.93,533.75,526.33,532.87,13358800
3/24/2014,538.42,540.5,535.06,539.19,12703600
3/25/2014,541.5,545.75,539.59,544.99,10081900
3/26/2014,546.52,549,538.86,539.78,10706000
3/27/2014,540.015,541.5,535.1201,537.46,7929700
3/28/2014,538.32,538.9399,534.25,536.86,7163000
3/31/2014,539.23,540.81,535.93,536.74,6023900
4/1/2014,537.76,541.87,536.77,541.65,7170000
4/2/2014,542.38,543.48,540.26,542.55,6443600
4/3/2014,541.39,542.5,537.64,538.79,5798000
4/4/2014,539.81,540,530.58,531.82,9830400
4/7/2014,528.02,530.9,521.89,523.47,10351800
4/8/2014,525.19,526.12,518.7001,523.44,8710300
4/9/2014,522.64,530.49,522.02,530.32,7363200
4/10/2014,530.68,532.24,523.17,523.48,8559000
4/11/2014,519,522.83,517.14,519.61,9704200
4/14/2014,521.9,522.16,517.21,521.68,7345500
4/15/2014,520.27,521.64,511.33,517.9599,9517500
4/16/2014,518.05,521.09,514.1354,519.01,7670200
4/17/2014,520,527.76,519.2,524.94,10154800
4/21/2014,525.34,532.14,523.96,531.17,6519600
4/22/2014,528.31,531.826,526.501,531.699,7234400
4/23/2014,529.06,531.13,524.45,524.75,14105000
4/24/2014,568.21,570,560.73,567.77,27139700
4/25/2014,564.53,571.99,563.96,571.94,13938400
4/28/2014,572.8,595.75,572.55,594.09,23910200
4/29/2014,593.74,595.98,589.51,592.33,12049200
4/30/2014,592.64,599.43,589.8,590.09,16308600
5/1/2014,592,594.8,586.36,591.48,8716000
5/2/2014,592.34,594.2,589.71,592.58,6839800
5/5/2014,590.14,601,590,600.96,10252400
5/6/2014,601.8,604.4099,594.41,594.41,13377300
5/7/2014,595.25,597.29,587.73,592.33,10102300
5/8/2014,588.25,594.41,586.4,587.99,8224900
5/9/2014,584.54,586.25,580.33,585.5425,10414200
5/12/2014,587.49,593.66,587.4,592.83,7614600
5/13/2014,592,594.54,590.7,593.76,5704900
5/14/2014,592.43,597.4,591.74,593.87,5943000
5/15/2014,594.7,596.6,588.04,588.82,8244500
5/16/2014,588.63,597.53,585.4,597.51,9866300
5/19/2014,597.85,607.33,597.33,604.59,11348400
5/20/2014,604.51,606.4,600.73,604.71,8387000
5/21/2014,603.83,606.7,602.06,606.31,7030700
5/22/2014,606.6,609.85,604.1,607.27,7170000
5/23/2014,607.25,614.7293,606.47,614.13,8293200
5/27/2014,615.88,625.86,615.63,625.63,12459500
5/28/2014,626.02,629.83,623.78,624.01,11267200
5/29/2014,627.85,636.87,627.77,635.38,13445500
5/30/2014,637.98,644.17,628.9,633,20143600
6/2/2014,633.96,634.83,622.5,628.65,13191100
6/3/2014,628.46,638.74,628.25,637.54,10453900
6/4/2014,637.44,647.89,636.11,644.82,11981500
6/5/2014,646.2,649.3699,642.61,647.35,10850200
6/6/2014,649.9,651.26,644.47,645.57,12497800
6/9/2014,92.7,93.88,91.75,93.7,75414997
6/10/2014,94.73,95.05,93.57,94.25,62777000
6/11/2014,94.13,94.76,93.47,93.86,45681000
6/12/2014,94.04,94.12,91.9,92.29,54749000
6/13/2014,92.2,92.44,90.88,91.28,54525000
6/16/2014,91.51,92.75,91.45,92.2,35561000
6/17/2014,92.31,92.7,91.8,92.08,29726000
6/18/2014,92.27,92.29,91.35,92.18,33514000
6/19/2014,92.29,92.3,91.3389,91.86,35528000
6/20/2014,91.85,92.55,90.9,90.91,100898000
6/23/2014,91.32,91.62,90.6,90.83,43694000
6/24/2014,90.75,91.74,90.19,90.28,39036000
6/25/2014,90.21,90.7,89.65,90.36,36869000
6/26/2014,90.37,91.05,89.8,90.9,32629000
6/27/2014,90.82,92,90.77,91.98,64029000
6/30/2014,92.1,93.725,92.09,92.93,49589000
7/1/2014,93.52,94.07,93.13,93.52,38223000
7/2/2014,93.865,94.06,93.09,93.48,28465000
7/3/2014,93.67,94.1,93.2,94.03,22891800
7/7/2014,94.14,95.99,94.1,95.968,56468000
7/8/2014,96.27,96.8,93.92,95.35,65222000
7/9/2014,95.44,95.95,94.76,95.39,36436000
7/10/2014,93.76,95.55,93.52,95.035,39686000
7/11/2014,95.36,95.89,94.8625,95.22,34018000
7/14/2014,95.86,96.89,95.65,96.45,42810000
7/15/2014,96.8,96.85,95.03,95.32,45477900
7/16/2014,96.97,97.1,94.74,94.78,53502000
7/17/2014,95.03,95.279,92.57,93.0899,57298000
7/18/2014,93.62,94.74,93.02,94.43,49988000
7/21/2014,94.99,95,93.72,93.939,39079000
7/22/2014,94.68,94.89,94.12,94.72,55197000
7/23/2014,95.42,97.88,95.17,97.19,92918000
7/24/2014,97.035,97.32,96.42,97.03,45729000
7/25/2014,96.85,97.84,96.64,97.671,43469000
7/28/2014,97.82,99.24,97.55,99.02,55318000
7/29/2014,99.33,99.44,98.25,98.38,43143000
7/30/2014,98.44,98.7,97.67,98.15,33010000
7/31/2014,97.16,97.45,95.33,95.6,56843000
8/1/2014,94.9,96.62,94.81,96.13,48511000
8/4/2014,96.37,96.58,95.17,95.59,39958000
8/5/2014,95.36,95.68,94.36,95.12,55933000
8/6/2014,94.75,95.48,94.71,94.96,38558000
8/7/2014,94.93,95.95,94.1,94.48,46711000
8/8/2014,94.26,94.82,93.28,94.74,41865000
8/11/2014,95.27,96.08,94.8355,95.99,36585000
8/12/2014,96.04,96.88,95.61,95.97,33795000
8/13/2014,96.15,97.24,96.04,97.24,31916000
8/14/2014,97.33,97.57,96.8,97.5,28116000
8/15/2014,97.9,98.19,96.86,97.98,48951000
8/18/2014,98.49,99.37,97.98,99.16,47572000
8/19/2014,99.41,100.68,99.32,100.53,69274700
8/20/2014,100.44,101.09,99.95,100.57,52612800
8/21/2014,100.57,100.94,100.11,100.58,33421900
8/22/2014,100.29,101.47,100.19,101.32,44102400
8/25/2014,101.79,102.17,101.28,101.54,40144700
8/26/2014,101.42,101.5,100.86,100.889,33119800
8/27/2014,101.02,102.57,100.7,102.13,46827400
8/28/2014,101.59,102.78,101.56,102.25,68389800
8/29/2014,102.86,102.9,102.2,102.5,44567000
9/2/2014,103.06,103.74,102.72,103.3,53491400
9/3/2014,103.1,103.2,98.58,98.94,125233100
9/4/2014,98.85,100.09,97.79,98.12,85594800
9/5/2014,98.8,99.39,98.31,98.97,58353200
9/8/2014,99.3,99.31,98.05,98.36,46277800
9/9/2014,99.08,103.08,96.14,97.99,189560600
9/10/2014,98.01,101.11,97.76,101,100741900
9/11/2014,100.41,101.44,99.62,101.43,62353100
9/12/2014,101.21,102.19,101.08,101.66,62626100
9/15/2014,102.81,103.05,101.44,101.63,61216500
9/16/2014,99.8,101.26,98.89,100.86,66818200
9/17/2014,101.27,101.8,100.5922,101.58,60892400
9/18/2014,101.93,102.35,101.56,101.79,37023900
9/19/2014,102.29,102.35,100.88,100.96,70838500
9/22/2014,101.8,102.14,100.58,101.06,52722000
9/23/2014,100.6,102.94,100.54,102.64,63347200
9/24/2014,102.16,102.85,101.2,101.75,59725174
9/25/2014,100.51,100.71,97.72,97.87,99565849
9/26/2014,98.53,100.75,98.4,100.75,62370501
9/29/2014,98.65,100.435,98.63,100.11,49766312
9/30/2014,100.81,101.54,100.53,100.75,55264139
10/1/2014,100.59,100.69,98.7,99.18,51491286
10/2/2014,99.27,100.22,98.04,99.9,47757828
10/3/2014,99.44,100.21,99.04,99.62,43469585
10/6/2014,99.95,100.65,99.42,99.62,37051182
10/7/2014,99.43,100.12,98.73,98.75,42094183
10/8/2014,98.76,101.11,98.31,100.8,57404674
10/9/2014,101.54,102.38,100.61,101.02,77376525
10/10/2014,100.69,102.03,100.3,100.73,66331592
10/13/2014,101.33,101.78,99.81,99.81,53583368
10/14/2014,100.39,100.52,98.57,98.75,63688562
10/15/2014,97.97,99.15,95.18,97.54,100933600
10/16/2014,95.55,97.72,95.41,96.26,72154523
10/17/2014,97.5,99,96.81,97.67,68179688
10/20/2014,98.315,99.96,98.22,99.76,77517279
10/21/2014,103.02,103.02,101.27,102.47,94623904
10/22/2014,102.84,104.11,102.6,102.99,68263146
10/23/2014,104.08,105.051,103.63,104.83,71074674
10/24/2014,105.18,105.49,104.53,105.22,47053916
10/27/2014,104.85,105.48,104.7,105.11,34187701
10/28/2014,105.4,106.74,105.35,106.74,48060949
10/29/2014,106.65,107.37,106.36,107.34,52687879
10/30/2014,106.959,107.35,105.9,106.98,40654793
10/31/2014,108.01,108.04,107.21,108,44639285
11/3/2014,108.22,110.3,108.01,109.4,52282550
11/4/2014,109.36,109.49,107.72,108.6,41574365
11/5/2014,109.1,109.3,108.125,108.86,37435905
11/6/2014,108.6,108.79,107.8,108.7,34968457
11/7/2014,108.75,109.32,108.55,109.01,33691535
11/10/2014,109.02,109.33,108.67,108.83,27195547
11/11/2014,108.7,109.75,108.4,109.7,27442252
11/12/2014,109.38,111.43,109.37,111.25,46942431
11/13/2014,111.8,113.45,111.6,112.82,59522855
11/14/2014,113.15,114.19,113.05,114.18,44063595
11/17/2014,114.27,117.28,113.3,113.99,46746712
11/18/2014,113.94,115.69,113.89,115.47,44223978
11/19/2014,115.44,115.74,113.8,114.67,41869160
11/20/2014,114.91,116.86,114.85,116.31,43395537
11/21/2014,117.51,117.57,116.03,116.47,57179298
11/24/2014,116.85,118.77,116.62,118.625,47450824
11/25/2014,119.07,119.75,117.45,117.6,68840440
11/26/2014,117.94,119.1,117.83,119,40831886
11/28/2014,119.27,119.4,118.05,118.93,24814402
12/1/2014,118.81,119.25,111.27,115.07,83814037
12/2/2014,113.5,115.75,112.75,114.63,59348940
12/3/2014,115.75,116.35,115.11,115.93,43063440
12/4/2014,115.77,117.2,115.29,115.49,42155776
12/5/2014,115.99,116.08,114.64,115,38318895
12/8/2014,114.1,114.648,111.62,112.4,57664850
12/9/2014,110.19,114.3,109.35,114.12,60208036
12/10/2014,114.41,114.85,111.54,111.95,44565318
12/11/2014,112.26,113.8,111.34,111.62,41471578
12/12/2014,110.46,111.87,109.58,109.73,56028138
12/15/2014,110.7,111.6,106.35,108.225,67218082
12/16/2014,106.37,110.16,106.26,106.745,60790733
12/17/2014,107.12,109.84,106.82,109.41,53411773
12/18/2014,111.87,112.65,110.66,112.65,59006218
12/19/2014,112.26,113.24,111.66,111.78,88429770
12/22/2014,112.16,113.49,111.97,112.94,45167549
12/23/2014,113.23,113.33,112.46,112.54,26028419
12/24/2014,112.58,112.71,112.01,112.01,14479611
12/26/2014,112.1,114.52,112.01,113.99,33720951
12/29/2014,113.79,114.77,113.7,113.91,27598920
12/30/2014,113.64,113.92,112.11,112.52,29881477
12/31/2014,112.82,113.13,110.21,110.38,41403351
